subject	hemi	CA1	CA2	CA4_DG	CA3	Tail	Sub	SRLM	Cyst
sub-7027863	L	254.7215420398861	132.78479157574475	243.7447549458593	141.33447848260403	119.88158311508596	349.5215004310012	349.6836250014603	16.636841950938106
sub-7027863	R	402.5362349711359	165.4624292626977	256.819624716416	207.3287153989077	63.01877421140671	292.0578769426793	338.5065663792193	8.468624621629715
sub-6451366	L	524.2391817332245	71.50645136274397	356.0492942654528	143.68524265894666	293.21650488115847	757.7127999030054	541.433917903807	1.5401829681359231
sub-6451366	R	519.2753103096038	65.72242058767006	315.8948646225035	199.5943612391129	268.42098960466683	688.7192786461674	517.048482303042	6.642337073106319
sub-8244977	L	622.3388232300058	62.98060880228877	294.72807763936	135.84127676859498	369.767889929004	600.2946564755403	514.8836430846713	31.228044143412266
sub-8244977	R	634.5553828720003	59.647519344929606	292.6156904725358	152.96448741434142	276.4747637012042	725.1400758926757	570.4112921990454	21.882042231503878
sub-9578406	L	671.7447402188554	55.35128975659609	339.298447098583	152.4020134313032	438.1754581592977	786.3764602178708	640.4212889429182	29.41610152553767
sub-9578406	R	669.6323503702879	64.5828625485301	356.1737240152433	203.0040023094043	325.246047812514	775.819279349409	663.7624815134332	34.80436457041651
sub-9686611	L	525.368002384901	49.11407381296158	242.79041711986065	102.28601916134356	370.7206585109234	591.1760929375887	546.2772464305162	11.157954633235931
sub-9686611	R	581.4343402385712	48.36067345738411	297.74572786688805	114.2879729270935	306.13803562521935	632.961202532053	582.7837851792574	11.415445894002914
sub-7840988	L	601.0388741050847	49.96776092844084	221.5814374065958	128.39316067937762	318.7036203048192	572.957936600782	453.1669174153358	11.5728366994299
sub-7840988	R	739.2215006863698	63.57669209456071	227.82800356904045	165.07147130649537	239.4103770107031	497.6081362199038	528.8123568054289	7.867812342010438
sub-7982706	L	462.4992520124652	53.54888084810227	253.944719363004	77.62441953038797	230.0122320097871	448.2418028819375	364.7856575031765	14.45772099122405
sub-7982706	R	386.1622944436968	65.46028818190098	127.53025986487046	74.36284922761843	176.54441358149052	391.18816447164863	318.7612765640952	0.7247934006154537
sub-8749907	L	669.2316762134433	67.68229267373681	324.16833188943565	145.64519849419594	406.7804018184543	680.1464830283076	634.1412160340697	46.262759160250425
sub-8749907	R	628.3714841660112	66.06104570254683	334.7636576835066	162.6873651854694	392.136726969853	777.9839693661779	617.2421005461365	37.73690744116902
sub-9938814	L	545.049192730803	59.00865019066259	393.1573508582078	117.49754742207006	360.2412528973073	498.1474486277439	560.613171253819	10.37598568201065
sub-9938814	R	628.8486285652034	74.52494495594874	353.9803755073808	195.54155369848013	320.30133742280304	491.5957003156655	573.2445986764506	10.118493390269578
sub-7130957	L	590.1336669921875	47.779083251953125	320.8446502685547	105.6051254272461	430.3264617919922	659.027099609375	570.6882476806641	11.987686157226562
sub-7130957	R	615.6778335571289	50.7354736328125	280.5137634277344	125.1077651977539	325.0741958618164	674.6816635131836	597.1384048461914	9.641647338867188
sub-7447784	L	519.6188865490258	56.68162192497402	304.25065773911774	113.15820391196758	257.14392408076674	558.8291984098032	532.0261869821697	7.843969720415771
sub-7447784	R	658.6407328704372	71.7305996986106	341.85879706125706	128.6792503800243	286.1451543783769	477.4092695489526	574.9081442439929	11.692044835537672
sub-9745500	L	715.2742519825697	62.08414949476719	356.640537109226	142.1498141773045	420.66064395383	680.3745676390827	605.8974300846457	15.78806597366929
sub-9745500	R	683.5741424709558	63.93427622318268	343.8327010460198	135.97477780282497	352.4634468667209	771.2405855171382	619.8592111691833	5.745883267372847
sub-7698204	L	443.9207857106812	54.531060134992	249.30460100015625	84.94371329527348	253.09545381646603	578.7702418682165	462.4220548016019	3.91959876101464
sub-7698204	R	523.6240622196347	72.93696185946465	265.8413023422472	103.1064282353036	307.84585889428854	518.9510612636805	455.26950231799856	14.080991656053811
sub-6363167	L	487.947749895975	58.660541573539376	380.916818652302	160.45102937798947	308.9858911903575	605.7218286087736	551.2240778654814	5.102160582318902
sub-6363167	R	803.785795064643	69.03652421571314	362.9591207522899	180.95027082040903	285.05818857159466	603.6523541295901	604.12919156719	16.274461745284498
sub-7625176	L	535.1838936321437	44.36977556440979	252.0136494738981	116.93021347559988	255.003423711285	517.7793067637831	476.6186509151012	9.89915680512786
sub-7625176	R	728.2269880920649	59.47600329015404	290.15592080540955	137.50100464001298	281.5013111708686	508.2282416960225	548.4638318317011	43.14907029364258
sub-9572797	L	244.52230963855985	200.2050252044573	87.52353731309995	118.064984139055	261.06857357081026	329.4280086522922	312.3906020154245	2.698900687508285
sub-9572797	R	284.9772096965462	113.83066645264626	246.92080265237016	147.86256434442475	265.98953736852854	482.4165769526735	463.12372857518494	1.88350843032822
sub-8699817	L	547.8378365607932	46.14826862420887	320.68707478651777	142.64573836466298	369.1718438887037	599.3648246526718	565.3902003555559	30.75120731117204
sub-8699817	R	589.7327206414193	64.42542440397665	337.5623302794993	150.7615012493916	304.7941031679511	741.6481670248322	615.2959432178177	39.477321341168135
sub-8858912	L	574.5078255264089	65.61757415626198	284.1997701684013	113.9021142264828	458.66498368699104	623.808028941974	535.764798855409	2.3031239239498973
sub-8858912	R	539.5461182584986	62.26540827937424	296.35912007745355	128.7412894880399	381.6939145764336	840.983555062674	607.7195400819182	8.82625752221793
sub-7777200	L	473.44758576899767	56.48144964128733	254.6219035834074	105.5766801610589	361.7435385510325	680.3618571311235	539.2750583142042	7.314693436026573
sub-7777200	R	488.3630753830075	55.23690271377564	280.23763574659824	133.64812752604485	320.9166772738099	669.0655672028661	516.8922871351242	7.59125941991806
sub-8001042	L	348.5487530082464	63.0569211691618	284.9148591030389	133.9292003083974	310.5019310172647	571.6321619600058	464.4201371893287	9.779926294460893
sub-8001042	R	326.85743915475905	98.80062058568	267.6247505005449	197.76813411153853	265.57911989092827	539.3836775477976	419.82157520391047	20.66134599409997
sub-9198294	L	326.4281264911406	48.775630043353885	269.5128933112137	85.40145997423679	162.39628823800012	537.2853325246833	401.1722853463143	7.972710277885199
sub-9198294	R	440.2633612183854	90.41301410226151	296.5733782555908	117.99325109226628	173.41121691139415	481.32854119036347	404.5101425200701	21.0332685620524
sub-7307768	L	567.4120993469842	41.80429324740544	305.2996098389849	133.0756491329521	329.94731051148847	634.1215852065943	529.9327170127071	7.543560159392655
sub-7307768	R	569.9774820054881	47.62170373694971	338.6257425532676	151.49585956009105	274.39104033634067	638.1890041800216	525.2358732977882	24.39020873280242
sub-8517582	L	493.2848614719696	60.56805102434009	337.3824501791969	142.66536912275478	320.1733416807838	622.4652323033661	519.4108535647392	5.335824995767325
sub-8517582	R	636.0169880120084	56.17636664444581	390.8074575541541	186.0863006790169	276.86208302434534	570.3562997262925	581.9911638814956	48.76629332592711
sub-6686191	L	564.8895216817036	59.57122545177117	301.4037932907231	119.75757041713224	330.27149511454627	544.0469837444834	486.368800516706	19.96515816589817
sub-6686191	R	705.1272340435535	66.60456872731447	290.58436556719244	152.0728025380522	262.29363631037995	564.9229002599604	536.7227700012736	23.68448545737192
sub-6653277	L	471.224876887165	68.16865345090628	266.7379900244996	99.08201245497912	341.6252803467214	471.4013066701591	436.8067640857771	11.401178679428996
sub-6653277	R	531.33021241799	61.421406344510615	215.2681771153584	128.70314250793308	256.3381695728749	502.76766106300056	451.48858305439353	16.436580053530633
sub-6405157	L	506.4720435230993	80.65215030033141	252.64712850376964	100.40749254310504	245.04635236691684	459.9995440063067	419.82128821639344	5.817407080903649
sub-6405157	R	459.16984824230894	107.82230238802732	173.74973706062883	127.44413036992772	98.49537759274244	432.56713176332414	370.9646054697223	0.0
sub-6570677	L	680.7276262925006	59.213609392754734	351.2047006445937	168.87179712066427	262.7323775109835	534.9013577750884	621.4043444069102	23.145664357580245
sub-6570677	R	627.2885120660067	64.52557274140418	361.90492124995217	174.05501449946314	197.48201264301315	590.2001360105351	604.4194131251425	27.65654167160392
sub-6086470	L	584.4394893581048	71.04864637367427	323.0138492616825	130.30035643000156	465.9646794386208	617.8705000779592	567.0635653724894	21.74374680966139
sub-6086470	R	560.0349945835769	72.80340488813818	394.43442814657465	157.99502341914922	355.7009949591011	678.6814656620845	570.6112293256447	29.926262056455016
sub-7495593	L	423.9984600474127	55.83758214954287	333.37563777994365	156.45013410132378	352.81627163337544	682.0243563135155	541.4719590940513	7.066720473580062
sub-7495593	R	527.9393324381672	65.00238427519798	351.8864399921149	163.81249335315078	281.2478454606608	701.7701656799763	564.2123031821102	15.568719531875104
sub-9481794	L	376.0431728102267	60.23881466500461	233.36401406675577	82.83611876517534	207.84369932860136	361.9049565922469	355.87773726694286	9.07420757599175
sub-9481794	R	406.3556991163641	114.00695162080228	101.18003707565369	101.66641078703104	48.04609329253435	230.15013287588957	245.5138201117516	14.400476552546024
sub-8253978	L	575.7767748963088	132.54181181639433	275.4357704687864	104.16043090075254	185.3754308596253	303.57396414875984	388.9994411487132	0.0
sub-8253978	R	354.1855194307864	122.33271629549564	210.5429255627096	180.07299544662237	194.69760822691023	412.0450080111623	356.5744763929397	1.7595311757177114
sub-9882308	L	475.0491116428748	82.69788449909538	329.4516253201291	141.42039200104773	155.58722673822194	483.7990752048791	469.2460022941232	23.35072019789368
sub-9882308	R	571.7087908610702	78.08686827868223	392.2892383011058	170.1927517466247	232.07669022493064	509.1954272110015	524.5257448414341	52.08493296336383
sub-6954998	L	376.22470152564347	102.0050546899438	388.2123935362324	116.96821202058344	300.49815545557067	429.8164559039287	446.0432323208079	0.5054476344957948
sub-6954998	R	565.3336424357258	67.10532604018226	292.28224720805883	152.3018626961857	286.03567738551646	518.145814219024	520.5633797915652	9.016995064448563
sub-8796916	L	343.23222188372165	66.80489891208708	135.4742314768955	81.57731695845723	123.6915829963982	360.0311982482672	319.5191053748131	0.1287460578605532
sub-8796916	R	359.5209823893383	79.07392138894647	286.86052203085274	112.9007559986785	212.04952566884455	435.6432811925188	404.97310918662697	8.983613815158606
sub-9369902	L	518.6322390055284	58.851276548579335	253.11008025240156	127.2726804697886	333.5907029705122	584.2784490399063	496.7215587478131	1.969338617287576
sub-9369902	R	503.6213964698836	71.90231721568853	277.3429588312283	144.85844516847283	214.14292485173792	615.0773791344836	471.7829607613385	5.683902256190777
sub-8502872	L	416.2982784844935	65.0358771677129	292.15361523488536	134.70184721099213	330.90620514191687	529.9525150335394	449.9344011871144	50.23960714414716
sub-8502872	R	448.2845431696624	54.73141712229699	285.34914300683886	159.31143457535654	224.29485960956663	560.1315653007478	438.42354207113385	45.78594417218119
sub-9589815	L	424.4241296201944	61.53596747200936	275.1928519755602	119.79128824733198	319.34329930786043	494.25708147045225	430.7422355404124	7.801072668284178
sub-9589815	R	435.7681099856272	70.27164297830313	287.55249767005444	131.94112514145672	238.11391489207745	513.2304727584124	417.4527553897351	5.369197936728597
sub-6937998	L	717.7599735092372	58.71302809379995	424.7098177745938	161.38572531752288	440.9032266438008	710.4023675359786	668.2975971251726	54.28320570290089
sub-6937998	R	682.7839269675314	59.93373264931142	458.6511264704168	175.17587209306657	373.5546674951911	810.3380162641406	673.6286428011954	91.21905526146293
sub-8065270	L	522.6756163062528	53.977976851165295	292.5158118316904	105.93416375666855	313.0436555016786	547.8001710791141	478.7064533606172	43.52570430189371
sub-8065270	R	607.0758097926155	70.59575506020337	255.76596487127244	162.48706176504493	265.5268234061077	550.2844931585714	457.84959198720753	73.1849813349545
sub-9157179	L	594.9694930054247	58.64150243625045	273.9814154319465	111.7707608640194	367.4416079632938	489.62650456652045	513.5875998456031	12.121214766055346
sub-9157179	R	555.272753065452	65.89897248893976	297.1652652323246	126.85313785262406	246.73013990558684	500.2504489012063	480.5522828120738	6.289489487186074
sub-7627786	L	523.4716789145023	50.36352589447051	332.64627247909084	119.19018114544453	373.04867305699736	644.9745195996948	546.3074037306942	5.192755131516606
sub-7627786	R	493.9316256181337	54.44048240268603	333.7811445831321	150.59943555435166	337.4146426641382	705.8523017521948	550.0267324750312	10.838505430612711
sub-9460079	L	534.233629565686	61.18292796984315	316.2047776840627	125.36515932157636	234.45587914809585	382.0130224749446	443.2722443304956	27.995087686926126
sub-9460079	R	498.62345841154456	64.66860487312078	280.4753973335028	133.79086532443762	224.16574131324887	397.0906016379595	447.25859985873103	19.24513266980648
sub-8913388	L	732.9451074916869	49.80555362533778	347.20836641732603	129.29893653467298	482.86353109776974	812.6149198394269	684.4699271991849	19.85546436533332
sub-8913388	R	722.4737819042057	57.98806487675756	352.1913059614599	148.4439147831872	386.633193355985	882.4046836365014	715.5358134480193	20.055735619738694
sub-8623581	L	704.3750700065866	72.4411788918078	314.617494950071	111.98532690061256	330.7584500941448	480.73343419795856	551.076527339872	17.60961516899988
sub-8623581	R	878.9071941375732	106.61613473156469	258.0502421068959	169.14862683182582	282.5406248602085	397.53956583794206	574.7133706631139	31.54281189898029
sub-6604264	L	541.3578883456066	51.84172571450472	285.6587805720046	116.686798193492	350.1223833989352	504.703423153609	523.9294936172664	2.9611581740900874
sub-6604264	R	654.5303973695263	44.7416218155995	241.19849262479693	146.6941546984017	321.85548218153417	591.2970341704786	561.8809556262568	11.3773323725909
sub-7131454	L	536.7473456766456	50.7212031907402	290.0077894949354	118.851742928382	379.7056886414066	591.9460528437048	524.587989830412	13.766298167873174
sub-7131454	R	554.328343717847	54.83154230425134	291.7244044379331	135.3026361321099	234.36085509276015	600.6054215561599	510.3019388047978	12.993821443524212
sub-7243263	L	500.9983991580084	53.51065544225276	263.18544969521463	116.64865122828633	390.8776473505423	697.4791118204594	546.9082717830315	10.25676526967436
sub-7243263	R	538.6971375225112	56.638706589117646	302.8487567678094	127.26781266741456	270.99604082107544	662.0453495150432	522.7135591013357	16.899105586111546
sub-8867610	L	395.5414614905603	46.93034519162029	221.8915548818186	93.3886212739162	254.72658404149115	344.57707118289545	319.2188537749462	35.98215655516833
sub-8867610	R	417.8383822501637	113.3204281120561	284.3048131843097	213.64226640574637	270.17135015362874	363.36923643387854	404.01963195903227	13.189324812032282
sub-7620469	L	179.34301340393722	71.34906036965549	133.05171633325517	91.15685270912944	122.0034123249352	312.8286510426551	256.976780153811	0.1621244437992572
sub-7620469	R	269.369763372466	139.0407840218395	193.24756864272055	218.96336644887924	172.3192102946341	249.8003893326968	324.92122720368207	1.2493118904531002
sub-7175272	L	650.2495435401797	59.54751735925674	285.0393934324384	149.27887399494648	320.44460774958134	395.8088383600116	471.9217044785619	1.49727101624012
sub-7175272	R	675.9177278727293	50.902446173131466	285.363643206656	157.22299346327782	307.96575982123613	588.1604801565409	583.0583145916462	1.98841405659914
sub-7670989	L	563.0928916241974	48.80434033460915	379.3863927740604	153.4511457066983	394.4163176137954	638.5000081900507	620.8713177926838	15.831012204289436
sub-7670989	R	698.8438212759793	53.85882013477385	395.8706726506352	172.40544495731592	299.8641667105257	620.270502269268	612.3168491497636	21.677042614668608
sub-7567693	L	542.3458944112062	75.5501973927021	180.0349187552929	100.07397075742485	94.81444868445396	219.23099440336227	328.5985358953476	0.0
sub-7567693	R	483.6471485197544	96.57874892652036	270.6293519958854	126.8722609207034	128.2360173240304	403.3905610218644	428.24335253983736	3.170972056686878
sub-9548396	L	637.3315690653399	58.5079707344994	326.3381011513993	136.7379436660558	418.935190286953	689.2019607238472	602.2124814973213	25.23901296639815
sub-9548396	R	567.8706391802989	61.94596966682002	317.4212384559214	136.80470092687756	351.85367991263047	701.0990582774393	586.3242534217425	12.311946245841682
sub-7134056	L	531.4261507354677	47.411978831049055	296.6693829782307	144.80609203875065	375.56695933733135	789.891292097047	560.646768886596	19.45021237572655
sub-7134056	R	633.0831935494207	55.9902901975438	314.1836340338923	158.42457856610417	343.65220782207325	837.5369214322418	617.3141687083989	19.85552447475493
sub-9389605	L	569.4105465225875	54.59787594154477	253.81098171323535	124.4783887732774	338.1348977088928	547.6858371086419	524.5163105409592	7.0714978184551
sub-9389605	R	612.5071057155728	52.51886511966586	284.5669904313981	148.60635840333998	300.9892685748637	546.0359798967838	512.5763034354895	12.76493571139872
sub-6880490	L	485.5683310823515	80.07054252177477	286.5792999975383	102.37699785269795	348.1390131916851	433.71225974336267	457.0153053188697	15.01084253564477
sub-6880490	R	460.63926984462887	112.4621096579358	227.32271162699908	139.8230418274179	249.5385678447783	452.33276168163866	450.2680555768311	9.655958111397922
sub-7607477	L	405.2208666955121	55.94728738116101	222.883159189485	90.51320285256952	217.4186069574207	370.41176434466615	334.2436764910817	12.645717730745671
sub-7607477	R	433.29226197488606	63.40024998039007	245.8047146690078	113.31554907746612	200.28585288254544	381.56021383730695	406.322360208258	28.958312133792788
sub-9096690	L	601.5681045521051	51.064481298439205	319.1756578758359	115.76173428725453	327.3677186537534	627.8752054320648	564.3175930287689	36.21100672148168
sub-9096690	R	551.237952333875	66.79533607512712	333.9623752636835	151.18119148071855	354.4377588378265	755.739064430818	572.9292704239488	31.657212750054896
sub-8206666	L	506.4343911563046	126.39044481050225	269.8707317020744	92.52547314204276	285.8543116841465	285.04368859436363	391.81705463211983	2.112388404551893
sub-8206666	R	490.6463143900037	114.64117837976664	262.002919360064	133.97692325664684	219.00174863263965	317.88822884391993	429.0580330509693	8.330344340298325
sub-7195884	L	559.1250557983294	54.08288104645908	234.6277695195749	87.33751095458865	292.1629522657022	480.6519493460655	496.0680976817384	4.6634683180600405
sub-7195884	R	752.2965946868062	75.76467086467892	194.1633603712544	122.67591965105385	286.7603862080723	409.4315374866128	516.224008295685	10.352136726491151
sub-7108358	L	492.471879132092	37.6271613612771	238.69954005628824	100.64109335839748	291.8858735784888	536.4266596958041	479.8023356348276	16.684506095945835
sub-7108358	R	596.4222171977162	58.32663005590439	222.09609615057707	116.17642369866373	246.82483253628016	509.2374474182725	448.5933923944831	45.73814874887466
sub-8451275	L	613.8898141141981	40.54070310853422	292.6779364971444	115.97158789727835	339.5701117934659	739.369536803104	594.3919389070943	22.187237304635342
sub-8451275	R	618.0859819259495	48.77091406658292	295.97765027638525	154.37606011983007	289.6023362260312	667.147766715847	548.8921283846721	33.71239366941154
sub-6752784	L	345.1827222062275	43.39698790991679	190.5490642641671	99.44447674555704	305.4573836415075	545.4926516776904	352.9790165950544	3.371241671498865
sub-6752784	R	499.76392801478505	59.66191767156124	274.07670267950743	104.06026449380444	159.91701829852536	556.3264014339074	435.2907191882841	6.451612420845777
sub-9646699	L	530.0994028663263	36.5781462569721	268.51630452647805	104.39386729290707	338.2584459884092	451.2878266265616	460.3906399761327	23.55096654454246
sub-9646699	R	601.1814555651508	87.90008448716253	168.59993421379477	171.04133831802756	281.7056087302044	338.8783337492496	437.0494815967977	18.291457312181592
sub-6276475	L	585.2268983321264	39.91603071708232	262.5607931399718	111.53218952007592	353.23136106319726	639.0236560134217	546.3885193821043	14.119145496748388
sub-6276475	R	544.7529682489112	54.03040784318	280.0988603932783	147.8051850600168	266.6234449343756	651.9507088474929	561.7379045067355	10.490415431559086
sub-7651278	L	484.00420975498855	39.75869778171182	253.6440886426717	107.67464075423776	288.9968093615025	595.250362219289	486.5886681620032	0.0
sub-7651278	R	528.6934056784958	47.06861427240074	307.0594079699368	115.92869518697262	253.02420009486377	641.7038563173264	507.588584812358	0.2670289129018783
sub-7716381	L	467.0525509379804	46.286591987125576	246.9110971139744	130.22425333969295	289.2304031699896	662.4175411826	511.1075445888564	6.642342911101878
sub-7716381	R	589.8524482743815	46.09108871407807	283.0458240201697	144.82977834809572	246.8061929186806	656.6144318338484	583.7250895947218	7.34329367056489
sub-8858710	L	434.3116752738133	60.41987700527534	230.10193234682083	87.15606596972793	215.72056157514453	356.1535027544014	379.9619192872197	3.337851306423545
sub-8858710	R	458.5730859125033	122.26072499528529	187.6921473192051	176.233780620154	168.4613554351963	263.04175638221204	371.32165276259184	2.3555693505331874
sub-7101546	L	565.0102758365683	74.9541866122745	321.13617951376364	109.6918448265642	302.22954741772264	399.1659721038304	451.06980321742594	0.1668933476321399
sub-7101546	R	623.3466534060426	79.884692939464	290.5899285157211	138.62638292461634	219.33123745815828	332.6613572631031	489.0022769435309	4.115113114472479
sub-7137567	L	614.1623910446651	72.97526558861136	313.51612239843234	128.44581345794722	361.4430953748524	700.3746755351312	614.2339167231694	14.4958708435297
sub-7137567	R	666.3665995956399	70.83426361205056	324.34511012397707	137.01458974275738	293.64628890994936	698.9870773721486	597.8163893171586	5.178459123708308
sub-9717999	L	535.4448472908698	59.45201624371112	253.8345509064384	117.94559045461938	306.57270455220714	439.3145419112407	456.4139107153751	5.06877552671358
sub-9717999	R	571.7607404342853	63.72447426058352	308.7852274538018	132.62262815097347	294.1844836506061	501.1459739478305	518.946292895358	12.793532209005209
sub-9436688	L	525.0408828933723	67.32943961396813	304.4272955576889	124.59761027712376	397.4582705483772	568.6285888077691	521.3835401041433	13.246542722918091
sub-9436688	R	538.0347017990425	64.53994087642059	298.9436655608006	155.26779126841575	263.605246511288	577.1305994899012	508.5613826592453	21.119128048885614
sub-8854398	L	526.2991168485023	47.2736035482958	265.4264542981982	107.7603557179682	401.0626912289299	716.51409759745	540.9809229131788	4.863735688850284
sub-8854398	R	507.5975762880407	62.93292511906475	316.3955432963557	138.96455801976845	358.35241616517305	845.4650821401738	584.0917409160174	11.601440128404647
sub-9086990	L	379.452594215516	103.25428798701614	209.75583607004955	122.38498916942626	75.79801246151328	416.6983337309212	363.27828254783526	17.58098087226972
sub-9086990	R	452.5326356715522	86.58883419027552	267.20039168931544	117.19223403790966	197.9684249726124	476.56045303400606	434.994570130948	40.43577916920185
sub-8434376	L	482.4977335785516	37.53666141629219	243.54484017239884	85.49699430819601	289.3450984172523	547.3428883804008	469.7852412848733	12.583746122661978
sub-8434376	R	580.039647441823	52.68579420587048	248.3513638903387	114.9178785737604	276.3178932610899	558.0478940815665	507.2789873108268	5.989081140607595
sub-9329687	L	403.1229806514457	88.7775594536215	143.22760518360883	180.43998427782208	9.28878965601325	357.7566845593974	315.5089040910825	0.0095367450267076
sub-9329687	R	380.7545451913029	87.41380491480231	142.6315586194396	154.33791313972324	50.39692909363657	435.4096309393644	349.6266094241292	0.0
sub-9573597	L	349.75072373077273	86.27419758494943	123.1384998857975	103.96486651990564	297.579939682968	403.7382584158331	307.82717621698976	2.3221983211115003
sub-9573597	R	604.195948808454	63.56719880644232	310.5928333550692	172.70575152430683	230.0597585188225	546.5129239819944	508.4803699590266	35.061856786720455
sub-6166973	L	537.9532717010006	65.45065555162728	343.8710494758561	107.99405849725008	303.8977983109653	467.5292055606842	512.4663305729628	11.23428125306964
sub-6166973	R	583.1812673229724	65.20270027779043	308.4134453171864	194.8451615292579	264.85437942296267	555.3149092402309	540.2420896133408	21.48627815209329
sub-6117051	L	545.0779626760632	55.37993245199323	285.07266072928905	90.53717732615767	307.34098211303353	542.0881901904941	478.7498362418264	48.69943603686988
sub-6117051	R	489.116288209334	49.75324739143253	257.8213852029294	130.1671599857509	231.6000791452825	691.7913914415985	467.4726242348552	71.34445921704173
sub-9992517	L	457.930251841899	57.80216080415994	257.37744856998324	167.08362601697445	111.90406779013574	475.9642208372243	411.0953381792642	5.888934878166765
sub-9992517	R	565.5523248785175	55.99018084164709	306.2103085597046	167.71781900385395	248.61795596173036	609.7121839122847	517.048482303042	7.238383113406599
sub-9515684	L	584.3112570438534	43.48753184080124	372.7100823763758	108.31351817585528	327.88740701414645	596.3084752578288	531.7876645848155	12.054438650608065
sub-9515684	R	600.7239856179804	55.637337885797024	321.40719256550074	156.25947570428252	307.5646152701229	654.4587439857423	579.0660503525287	15.692704746499658
sub-6317665	L	472.6416835561394	60.27230508625507	204.658808093518	94.65708293253556	257.2444869298488	480.4808979202062	464.01091834995896	1.4877341128885746
sub-6317665	R	524.1210985649377	118.9758136239834	239.4298246037215	151.89669925021008	208.75484528252852	305.0045666564256	403.3952900068834	3.476147975306958
sub-8959211	L	450.601973795332	90.6802020748146	251.39830750320107	114.69851084332912	133.91506520844996	403.9911006144248	388.9039596687071	1.9884126973338423
sub-8959211	R	387.1968811419793	149.5171907376498	267.6966158952564	162.66360274376348	206.3180829454213	265.59853055514395	356.14044973254204	6.594663694035262
sub-7268178	L	540.8904295577668	26.741014774888757	279.1307993745432	98.6194129055366	351.61954876966774	507.64535912079737	466.8519601551816	3.280638046562672
sub-7268178	R	621.061021820642	49.31447482202202	292.4011710076593	124.72146620042622	299.6920075966045	622.1768202260137	581.1020874744281	15.61164093669504
sub-7956199	L	520.1194638814777	47.321301095187664	276.2125843651593	112.91022658534348	326.03727956302464	766.7729243561625	567.5122905224562	33.979402620345354
sub-7956199	R	588.283309020102	56.24292084015906	303.5782581847161	144.6055801101029	293.09738154150546	783.7530889268965	566.0960847157985	31.89085668325424
sub-8151667	L	428.5050275400281	81.21015227492899	321.4073808901012	84.15700648818165	244.25988199654967	406.6754181738943	395.526963237673	7.328988553024828
sub-8151667	R	588.7557225963101	112.9722815863788	309.9156031329185	134.41565277893096	217.1993679832667	327.6730223726481	393.67683470249176	8.978845442645252
sub-6631671	L	434.9184036254883	58.16936492919922	318.27449798583984	86.61270141601562	251.0547637939453	489.28260803222656	402.6460647583008	6.542205810546875
sub-6631671	R	613.6465072631836	60.96363067626953	263.40484619140625	165.08102416992188	292.5252914428711	490.25535583496094	495.8486557006836	8.840560913085938
sub-9559806	L	546.7084807208739	71.71635761857033	258.2599497991614	123.76316901529208	331.8884257292375	430.46980720572174	466.8238969985396	9.708411177620292
sub-9559806	R	728.0640810737386	71.16322613693774	295.93011104827747	146.32711876602843	258.6080411626026	403.2900706082583	472.2550759431906	18.07690902473405
sub-8724991	L	481.85315571539104	67.56301076011732	300.0591134238057	119.83863267861308	341.04800752317533	508.2079274333082	452.5610691108741	27.656536269932985
sub-8724991	R	525.0164257697761	70.90563695412129	261.5450024837628	175.080179693643	266.76159742847085	531.2200729572214	488.1664753742516	11.73495444143191
sub-7530670	L	567.9701649472117	63.50039195548743	361.86211194098	165.09529703948647	403.3946203086525	653.6387120578438	625.0475616361946	3.5190575402230024
sub-7530670	R	543.4368979493156	92.18214141950013	407.2188535705209	185.9426135243848	386.0425195107237	743.3174588857219	614.123224475421	12.903210980817676
sub-6732374	L	571.6761938408017	50.2730201408267	297.70420814305544	132.5800106227398	367.1413436159492	766.264205403626	612.3027831986547	9.093298815190792
sub-6732374	R	707.4557867944241	58.23144474625588	289.6694894731045	149.1310542449355	236.1062877997756	724.5408888682723	603.2667049318552	21.052393428981304
sub-6291976	L	622.2671154001728	45.63327147625387	364.737154492177	159.48756855446845	196.2707510171458	628.4564556693658	561.4465952664614	36.98345387354493
sub-6291976	R	685.581491435878	55.51332774572074	353.57917588669807	195.49827557522804	246.28138333093372	619.1438350640237	601.0240407474339	57.09165719803423
sub-6771081	L	614.9520802125335	56.81505862623453	299.5390980094671	132.87046652287245	265.1878028064966	476.3738818243146	471.5435289591551	0.2670283913612366
sub-6771081	R	615.5671991854906	51.61754172295332	316.9579321816564	164.20815559476614	229.7016369402409	579.1225921288133	524.7060206606984	20.775762520730492
sub-7888815	L	540.6338351536542	58.99913072399795	280.6857537329197	114.9178897961974	292.93571468256414	519.4336302559823	480.7239443901926	25.6872478146106
sub-7888815	R	496.3022326044738	53.85882013477385	275.4310020916164	137.5867548622191	189.8100216276944	620.3086492866278	456.2717062626034	18.32487346418202
sub-7079074	L	452.1372583322227	53.25797340553254	210.0325861396268	132.06012834329158	355.1675970219076	592.9092066604644	491.2760752104223	4.076960091479123
sub-7079074	R	688.2766941804439	53.22936315927655	347.36653654277325	124.15416362788528	267.5391811141744	557.380049184896	575.0468762479722	6.194118314422667
sub-8127165	L	489.0632629394531	35.57682037353516	213.68980407714844	137.5579833984375	217.05150604248047	461.4543914794922	470.9863662719727	0.5435943603515625
sub-8127165	R	687.0555877685547	56.43367767333984	335.0830078125	128.80802154541016	233.9649200439453	489.2587661743164	543.7183380126953	28.86295318603516
sub-9845403	L	537.4340966213495	49.71985418489203	277.4717862298712	144.4341021636501	151.39116241643205	462.4943029731512	474.229275750462	0.5245213350281119
sub-9845403	R	451.0263592391275	43.06320160580799	308.18966295942664	113.69715193100274	120.6208335533738	470.8580340789631	449.5386259979568	5.722050927579403
sub-9688312	L	497.3031061626971	54.98887182399631	319.83381796069443	118.28424856625496	317.7309656823054	567.7510416749865	550.4704596865922	26.946073072962463
sub-9688312	R	498.2281704302877	60.19593460857868	320.63967291545123	151.43874265160412	269.1841651238501	690.3363622482866	569.8777358159423	38.91468808148056
